<?xml version="1.0"?>
<data grt_format="2.0">
  <value _ptr_="000001C6F29ABE90" type="list" content-type="object" content-struct-name="db.mgmt.ServerInstance">
    <value type="object" struct-name="db.mgmt.ServerInstance" id="{3DA28055-1619-4EC3-AB4E-C6857E6DD4FC}" struct-checksum="0x367436e2">
      <link type="object" struct-name="db.mgmt.Connection" key="connection">{D39D0C7E-2540-4D60-BFD6-C96FBF3F3950}</link>
      <value _ptr_="000001C6F34C0550" type="dict" key="loginInfo">
        <value type="string" key="wmi.hostName"></value>
        <value type="string" key="wmi.userName"></value>
      </value>
      <value _ptr_="000001C6F34C1090" type="dict" key="serverInfo">
        <value type="string" key="serverVersion">8.0.32</value>
        <value type="int" key="setupPending">1</value>
        <value type="string" key="sys.config.path">C:\ProgramData\MySQL\MySQL Server 8.0\my.ini</value>
        <value type="int" key="sys.config.path.lock">1</value>
        <value type="string" key="sys.config.section">mysqld</value>
        <value type="string" key="sys.mysqld.service_name">MySQL80</value>
        <value type="string" key="sys.preset">Custom</value>
        <value type="string" key="sys.system">Windows</value>
        <value type="int" key="windowsAdmin">1</value>
      </value>
      <value type="string" key="name">Local MySQL80</value>
    </value>
    <value type="object" struct-name="db.mgmt.ServerInstance" id="{7481F246-9663-463B-B420-E62889FECE64}" struct-checksum="0x367436e2">
      <link type="object" struct-name="db.mgmt.Connection" key="connection">{44D4BB65-9F11-49DF-A55D-6B4DC9717433}</link>
      <value _ptr_="000001C6F8367400" type="dict" key="loginInfo">
        <value type="string" key="ssh.hostName"></value>
        <value type="string" key="ssh.key">C:\Users\Admin\AppData\Roaming/.ssh/ssh_private_key</value>
        <value type="string" key="ssh.localPort">3306</value>
        <value type="int" key="ssh.useKey">0</value>
        <value type="string" key="ssh.userName">mysql</value>
      </value>
      <value _ptr_="000001C6F83665C0" type="dict" key="serverInfo">
        <value type="int" key="setupPending">0</value>
        <value type="string" key="sys.sudo"></value>
        <value type="int" key="windowsAdmin">1</value>
      </value>
      <value type="string" key="name">new connection</value>
      <link type="object" struct-name="GrtObject" key="owner">{53960250-66A6-4EED-90F1-159ACAB29A06}</link>
    </value>
  </value>
</data>
